date,jet_fuel_dpg
4/1/1990,0.54
5/1/1990,0.515
6/1/1990,0.494
7/1/1990,0.535
8/1/1990,0.791
9/1/1990,1.012
10/1/1990,1.196
11/1/1990,0.971
12/1/1990,0.803
1/1/1991,0.741
2/1/1991,0.637
3/1/1991,0.558
4/1/1991,0.552
5/1/1991,0.569
6/1/1991,0.547
7/1/1991,0.586
8/1/1991,0.623
9/1/1991,0.635
10/1/1991,0.671
11/1/1991,0.645
12/1/1991,0.522
1/1/1992,0.509
2/1/1992,0.543
3/1/1992,0.514
4/1/1992,0.543
5/1/1992,0.579
6/1/1992,0.615
7/1/1992,0.611
8/1/1992,0.59
9/1/1992,0.623
10/1/1992,0.621
11/1/1992,0.561
12/1/1992,0.544
1/1/1993,0.534
2/1/1993,0.553
3/1/1993,0.558
4/1/1993,0.551
5/1/1993,0.553
6/1/1993,0.526
7/1/1993,0.494
8/1/1993,0.501
9/1/1993,0.535
10/1/1993,0.568
11/1/1993,0.533
12/1/1993,0.446
1/1/1994,0.528
2/1/1994,0.501
3/1/1994,0.451
4/1/1994,0.469
5/1/1994,0.472
6/1/1994,0.493
7/1/1994,0.509
8/1/1994,0.498
9/1/1994,0.49
10/1/1994,0.509
11/1/1994,0.513
12/1/1994,0.487
1/1/1995,0.472
2/1/1995,0.467
3/1/1995,0.449
4/1/1995,0.5
5/1/1995,0.511
6/1/1995,0.478
7/1/1995,0.467
8/1/1995,0.496
9/1/1995,0.513
10/1/1995,0.502
11/1/1995,0.524
12/1/1995,0.553
1/1/1996,0.55
2/1/1996,0.557
3/1/1996,0.586
4/1/1996,0.617
5/1/1996,0.557
6/1/1996,0.516
7/1/1996,0.556
8/1/1996,0.615
9/1/1996,0.682
10/1/1996,0.703
11/1/1996,0.696
12/1/1996,0.693
1/1/1997,0.68
2/1/1997,0.619
3/1/1997,0.557
4/1/1997,0.541
5/1/1997,0.549
6/1/1997,0.523
7/1/1997,0.536
8/1/1997,0.559
9/1/1997,0.541
10/1/1997,0.571
11/1/1997,0.549
12/1/1997,0.496
1/1/1998,0.476
2/1/1998,0.449
3/1/1998,0.413
4/1/1998,0.426
5/1/1998,0.416
6/1/1998,0.389
7/1/1998,0.386
8/1/1998,0.372
9/1/1998,0.42
10/1/1998,0.42
11/1/1998,0.371
12/1/1998,0.304
1/1/1999,0.334
2/1/1999,0.309
3/1/1999,0.378
4/1/1999,0.43
5/1/1999,0.415
6/1/1999,0.44
7/1/1999,0.512
8/1/1999,0.564
9/1/1999,0.614
10/1/1999,0.595
11/1/1999,0.661
12/1/1999,0.701
1/1/2000,0.781
2/1/2000,0.78
3/1/2000,0.771
4/1/2000,0.719
5/1/2000,0.762
6/1/2000,0.785
7/1/2000,0.796
8/1/2000,0.9
9/1/2000,1.017
10/1/2000,0.982
11/1/2000,1.028
12/1/2000,0.863
1/1/2001,0.87
2/1/2001,0.815
3/1/2001,0.748
4/1/2001,0.77
5/1/2001,0.821
6/1/2001,0.767
7/1/2001,0.711
8/1/2001,0.764
9/1/2001,0.738
10/1/2001,0.622
11/1/2001,0.543
12/1/2001,0.515
1/1/2002,0.533
2/1/2002,0.551
3/1/2002,0.63
4/1/2002,0.669
5/1/2002,0.666
6/1/2002,0.653
7/1/2002,0.691
8/1/2002,0.722
9/1/2002,0.8
10/1/2002,0.79
11/1/2002,0.708
12/1/2002,0.811
1/1/2003,0.887
2/1/2003,1.055
3/1/2003,0.893
4/1/2003,0.743
5/1/2003,0.714
6/1/2003,0.748
7/1/2003,0.78
8/1/2003,0.823
9/1/2003,0.738
10/1/2003,0.82
11/1/2003,0.831
12/1/2003,0.876
1/1/2004,0.998
2/1/2004,0.933
3/1/2004,0.947
4/1/2004,0.973
5/1/2004,1.092
6/1/2004,1.032
7/1/2004,1.145
8/1/2004,1.227
9/1/2004,1.362
10/1/2004,1.52
11/1/2004,1.347
12/1/2004,1.223
1/1/2005,1.334
2/1/2005,1.334
3/1/2005,1.562
4/1/2005,1.573
5/1/2005,1.471
6/1/2005,1.654
7/1/2005,1.665
8/1/2005,1.874
9/1/2005,2.232
10/1/2005,2.398
11/1/2005,1.698
12/1/2005,1.727
1/1/2006,1.816
2/1/2006,1.754
3/1/2006,1.875
4/1/2006,2.074
5/1/2006,2.07
6/1/2006,2.081
7/1/2006,2.154
8/1/2006,2.133
9/1/2006,1.81
10/1/2006,1.739
11/1/2006,1.733
12/1/2006,1.81
1/1/2007,1.654
2/1/2007,1.74
3/1/2007,1.846
4/1/2007,2.036
5/1/2007,2.044
6/1/2007,2.099
7/1/2007,2.137
8/1/2007,2.092
9/1/2007,2.265
10/1/2007,2.372
11/1/2007,2.673
12/1/2007,2.601
1/1/2008,2.605
2/1/2008,2.728
3/1/2008,3.124
4/1/2008,3.365
5/1/2008,3.738
6/1/2008,3.878
7/1/2008,3.886
8/1/2008,3.271
9/1/2008,3.375
10/1/2008,2.315
11/1/2008,1.88
12/1/2008,1.375
1/1/2009,1.469
2/1/2009,1.259
3/1/2009,1.268
4/1/2009,1.369
5/1/2009,1.488
6/1/2009,1.805
7/1/2009,1.712
8/1/2009,1.885
9/1/2009,1.749
10/1/2009,1.942
11/1/2009,1.986
12/1/2009,1.979
1/1/2010,2.052
2/1/2010,1.989
3/1/2010,2.108
4/1/2010,2.243
5/1/2010,2.063
6/1/2010,2.058
7/1/2010,2.019
8/1/2010,2.083
9/1/2010,2.114
10/1/2010,2.248
11/1/2010,2.323
12/1/2010,2.453
1/1/2011,2.619
2/1/2011,2.839
3/1/2011,3.125
4/1/2011,3.267
5/1/2011,3.085
6/1/2011,3.046
7/1/2011,3.131
8/1/2011,3.008
9/1/2011,2.948
10/1/2011,2.966
11/1/2011,3.046
12/1/2011,2.873
1/1/2012,3.087
2/1/2012,3.207
3/1/2012,3.256
4/1/2012,3.226
5/1/2012,2.974
6/1/2012,2.678
7/1/2012,2.892
8/1/2012,3.156
9/1/2012,3.191
10/1/2012,3.111
11/1/2012,2.96
12/1/2012,2.94
1/1/2013,3.091
2/1/2013,3.218
3/1/2013,2.969
4/1/2013,2.808
5/1/2013,2.725
6/1/2013,2.769
7/1/2013,2.894
8/1/2013,3.003
9/1/2013,2.934
10/1/2013,2.885
11/1/2013,2.83
12/1/2013,2.955
1/1/2014,2.921
2/1/2014,2.965
3/1/2014,2.89
4/1/2014,2.888
5/1/2014,2.868
6/1/2014,2.883
7/1/2014,2.817
8/1/2014,2.839
9/1/2014,2.729
10/1/2014,2.46
11/1/2014,2.297
12/1/2014,1.801
1/1/2015,1.496
2/1/2015,1.766
3/1/2015,1.629
4/1/2015,1.702
5/1/2015,1.849
6/1/2015,1.732
7/1/2015,1.549
8/1/2015,1.389
9/1/2015,1.395
10/1/2015,1.391
11/1/2015,1.326
12/1/2015,1.082
1/1/2016,0.93
2/1/2016,0.973
3/1/2016,1.069
4/1/2016,1.147
5/1/2016,1.299
6/1/2016,1.382
7/1/2016,1.272
8/1/2016,1.295
9/1/2016,1.319
10/1/2016,1.457
11/1/2016,1.356
12/1/2016,1.491
1/1/2017,1.514
2/1/2017,1.547
3/1/2017,1.445
4/1/2017,1.51
5/1/2017,1.412
6/1/2017,1.295
7/1/2017,1.417
8/1/2017,1.561
9/1/2017,1.8
10/1/2017,1.659
11/1/2017,1.76
12/1/2017,1.817
1/1/2018,1.952
2/1/2018,1.849
3/1/2018,1.858
4/1/2018,2.015
5/1/2018,2.155
6/1/2018,2.09
7/1/2018,2.098
8/1/2018,2.118
9/1/2018,2.189
10/1/2018,2.249
11/1/2018,1.945
12/1/2018,1.696
1/1/2019,1.784
2/1/2019,1.914
3/1/2019,1.902
4/1/2019,1.977
5/1/2019,1.972
6/1/2019,1.817
7/1/2019,1.913
8/1/2019,1.8
9/1/2019,1.874
10/1/2019,1.861
11/1/2019,1.824
12/1/2019,1.893
1/1/2020,1.77
2/1/2020,1.509
3/1/2020,0.953
4/1/2020,0.606
5/1/2020,0.686
6/1/2020,0.983
7/1/2020,1.084
8/1/2020,1.112
9/1/2020,1.006
10/1/2020,1.047
11/1/2020,1.133
12/1/2020,1.324
1/1/2021,1.42
2/1/2021,1.601
3/1/2021,1.661
4/1/2021,1.669
5/1/2021,1.752
6/1/2021,1.857
7/1/2021,1.887
8/1/2021,1.817
9/1/2021,2.003
10/1/2021,2.296
11/1/2021,2.193
12/1/2021,2.095
1/1/2022,2.446
2/1/2022,2.682
3/1/2022,3.495
4/1/2022,3.914
5/1/2022,3.902
6/1/2022,4.12
7/1/2022,3.478
8/1/2022,3.339
9/1/2022,3.262
10/1/2022,3.715
11/1/2022,3.16
12/1/2022,2.897
1/1/2023,3.542
2/1/2023,2.79
3/1/2023,2.679
4/1/2023,2.374
5/1/2023,2.173
6/1/2023,2.25
7/1/2023,2.488
8/1/2023,2.989
9/1/2023,3.12
10/1/2023,2.881
11/1/2023,2.734
12/1/2023,2.387
1/1/2024,2.585
2/1/2024,2.683
3/1/2024,2.593
4/1/2024,2.605
5/1/2024,2.38
6/1/2024,2.394
7/1/2024,2.419
8/1/2024,2.176
9/1/2024,1.982
10/1/2024,2.068
11/1/2024,2.065
12/1/2024,2.097
1/1/2025,2.347
2/1/2025,2.264
3/1/2025,2.069
4/1/2025,1.976
5/1/2025,1.928
6/1/2025,2.094
7/1/2025,2.244
8/1/2025,2.024
9/1/2025,2.089
10/1/2025,2.154
11/1/2025,2.258
12/1/2025,1.965
1/1/2026,2.031
2/1/2026,2.262
